screen_name,first,last
_AnnaMarie_11,2017-12-15T18:19:00Z,2017-12-15T18:19:00Z
_ericuhh_,2019-07-21T18:14:00Z,2019-07-21T18:14:00Z
_gracielee_,2017-12-12T20:18:00Z,2017-12-12T20:18:00Z
_JeannieSays_,2019-08-22T01:18:00Z,2019-08-22T01:18:00Z
_jennifuurrr,2017-12-26T07:19:00Z,2017-12-26T07:19:00Z
_Kyle7,2019-07-29T03:50:00Z,2019-07-29T03:50:00Z
_MattGuerra,2019-07-31T11:09:00Z,2019-07-31T11:09:00Z
_suheyyyy,2019-07-10T05:31:00Z,2019-07-10T05:31:00Z
1.18E+20,2017-12-24T17:22:00Z,2017-12-24T17:22:00Z
ABQJournal,2017-12-19T16:22:00Z,2017-12-19T19:47:00Z
aidencruz62,2018-01-12T18:00:00Z,2018-01-12T18:00:00Z
AlanLunin,2019-08-17T18:40:00Z,2019-08-17T18:40:00Z
AlbuquerqueNMRR,2017-12-19T17:34:00Z,2017-12-19T17:34:00Z
AlexisBradyknit,2019-08-25T03:21:00Z,2019-08-25T03:21:00Z
AliyahRenee_,2018-06-02T23:24:00Z,2018-06-02T23:24:00Z
alliepaige8,2019-09-14T02:48:00Z,2019-09-14T02:48:00Z
alyssa_mcvicker,2019-08-13T00:43:00Z,2019-08-13T00:43:00Z
AndyRobinette,2019-08-15T01:04:00Z,2019-08-15T01:04:00Z
AnOceanAbove,2019-08-23T21:42:00Z,2019-08-23T21:42:00Z
antiquetrucker,2018-05-26T05:11:00Z,2018-05-26T05:11:00Z
ashlei_nicole__,2019-08-01T07:10:00Z,2019-08-01T07:10:00Z
attackablee,2019-07-26T18:27:00Z,2019-07-26T18:27:00Z
AunistyN,2019-09-08T03:14:00Z,2019-09-08T03:14:00Z
avtistrv,2019-07-18T19:44:00Z,2019-07-18T19:44:00Z
beast94,2018-03-16T20:39:00Z,2018-05-29T04:40:00Z
BIGDADDY197569,2017-12-19T17:17:00Z,2017-12-19T17:17:00Z
BlackTexanJesus,2019-07-07T20:05:00Z,2019-07-07T20:05:00Z
bobbyallenroach,2019-09-16T04:19:00Z,2019-09-16T04:19:00Z
BoiBrose,2018-05-23T07:23:00Z,2018-05-23T07:23:00Z
boogledog,2019-08-27T15:54:00Z,2019-08-27T15:54:00Z
bor3gon46,2018-01-17T05:29:00Z,2018-01-17T05:29:00Z
borrupted_,2019-08-12T00:58:00Z,2019-08-12T00:58:00Z
bosstime2009,2018-06-11T02:52:00Z,2018-06-11T02:52:00Z
BrandiStarBrite,2019-08-26T07:21:00Z,2019-08-27T09:39:00Z
BrettAshburn,2019-07-06T16:38:00Z,2019-07-06T16:38:00Z
briannnanicole4,2019-09-26T12:56:00Z,2019-09-26T12:56:00Z
BroadmoorSchool,2018-03-22T19:25:00Z,2018-03-22T19:25:00Z
Bron_Gottii,2019-08-27T15:21:00Z,2019-08-27T15:21:00Z
bthaf,2019-09-06T12:37:00Z,2019-09-06T12:37:00Z
BuzzzTeller,2017-12-19T08:23:00Z,2017-12-19T08:23:00Z
Calm_RoseIII,2018-04-17T17:33:00Z,2018-04-17T17:33:00Z
carlyrenee15,2018-05-20T03:24:00Z,2018-05-22T23:56:00Z
CashWRLD,2019-09-10T21:37:00Z,2019-09-10T21:37:00Z
catalinaarios,2018-04-06T15:36:00Z,2018-04-06T15:36:00Z
CGator2005,2019-08-22T10:29:00Z,2019-08-22T10:29:00Z
chaoscomic,2018-03-28T14:51:00Z,2018-03-28T14:51:00Z
ChaseBurnett8,2019-08-01T12:31:00Z,2019-08-01T12:31:00Z
chelsey_maria02,2019-09-10T02:56:00Z,2019-09-10T02:56:00Z
Chelss_Gauthier,2017-12-13T12:51:00Z,2018-01-27T17:47:00Z
ChiefRunWifBeer,2018-04-07T02:27:00Z,2018-04-07T02:27:00Z
chimerakim,2017-12-19T17:08:00Z,2017-12-19T17:08:00Z
ChipChilders33,2018-01-12T21:00:00Z,2018-01-13T19:32:00Z
chris11fisher,2019-07-24T10:54:00Z,2019-07-24T10:54:00Z
ChuckVipperman,2019-08-31T23:26:00Z,2019-09-13T02:13:00Z
Coach_Reho,2019-09-29T20:09:00Z,2019-09-29T20:09:00Z
CoachAllred1,2019-07-04T19:43:00Z,2019-07-04T19:43:00Z
coltonowen13,2018-01-22T06:13:00Z,2018-01-22T06:13:00Z
ComradeDarren1,2019-07-26T13:19:00Z,2019-07-26T13:19:00Z
Cpt_Martinez,2017-12-08T17:27:00Z,2018-05-12T16:34:00Z
currently_vexed,2019-07-08T18:45:00Z,2019-07-08T18:45:00Z
cyberputa,2018-03-26T00:36:00Z,2018-03-26T00:36:00Z
cynthia8083,2018-04-14T02:36:00Z,2018-04-14T02:36:00Z
daaiirm,2017-12-21T16:30:00Z,2017-12-21T16:30:00Z
DaddyRodge_,2018-04-21T16:21:00Z,2018-04-21T16:21:00Z
Damani_TR,2019-08-26T14:41:00Z,2019-08-26T14:41:00Z
Dannyjimmerado,2019-08-18T23:14:00Z,2019-08-18T23:14:00Z
Dansoffthewall,2018-06-10T16:00:00Z,2018-06-10T16:00:00Z
DaREALBRATt_,2019-09-09T04:37:00Z,2019-09-22T04:48:00Z
Dareeh17,2019-08-12T18:00:00Z,2019-08-12T18:00:00Z
DatBoiDrew_12,2019-07-15T17:17:00Z,2019-07-15T17:17:00Z
david_siordia,2018-06-13T02:09:00Z,2018-06-13T02:09:00Z
dayygo100,2018-04-26T00:35:00Z,2018-04-26T00:35:00Z
deedeekokontis,2019-08-28T09:45:00Z,2019-08-28T09:45:00Z
DelvonJohnson,2019-08-24T16:52:00Z,2019-08-24T16:52:00Z
dessgar_,2018-05-21T20:42:00Z,2018-05-30T05:56:00Z
Destiiny03,2018-01-28T03:13:00Z,2018-05-04T00:47:00Z
dianethhh,2017-12-17T05:50:00Z,2017-12-17T05:50:00Z
diehlership,2019-08-20T12:26:00Z,2019-08-20T12:26:00Z
dollie_bri,2018-03-22T04:36:00Z,2018-03-22T04:36:00Z
Dom22_1,2019-08-01T09:28:00Z,2019-08-01T09:28:00Z
donato_pacifico,2019-09-17T11:43:00Z,2019-09-17T11:43:00Z
DonovanOrosco,2017-12-13T16:25:00Z,2017-12-13T16:25:00Z
Down_Air,2019-08-24T18:13:00Z,2019-08-24T18:13:00Z
DPyfferoen,2019-07-15T22:58:00Z,2019-07-15T22:58:00Z
drewbelleville,2018-06-02T15:50:00Z,2018-06-02T15:50:00Z
drunkodin,2019-07-05T12:33:00Z,2019-07-19T23:48:00Z
DuckyHeller,2019-07-28T21:30:00Z,2019-07-28T21:30:00Z
easybreezy2001,2019-07-06T14:28:00Z,2019-07-06T14:28:00Z
EasyOperator,2019-07-25T22:44:00Z,2019-07-25T22:44:00Z
EBOSS407,2019-08-18T13:56:00Z,2019-08-18T13:56:00Z
EdCarroll51,2019-09-26T15:18:00Z,2019-09-26T15:18:00Z
ehoffman81,2019-08-20T02:46:00Z,2019-08-20T02:46:00Z
EmilyKimmich,2019-07-04T01:15:00Z,2019-07-04T01:15:00Z
erich_davis,2018-02-21T21:07:00Z,2018-02-21T21:07:00Z
EricHeggie,2018-03-31T00:56:00Z,2018-03-31T00:56:00Z
erin_mck_ohara,2019-07-22T21:42:00Z,2019-07-22T21:42:00Z
estefaniaday,2019-07-26T22:58:00Z,2019-07-26T22:58:00Z
EXICUTlON,2019-08-17T15:52:00Z,2019-08-17T15:52:00Z
fatimamtz33,2018-06-09T01:35:00Z,2018-06-09T01:35:00Z
fiijiacee,2019-08-28T05:34:00Z,2019-08-28T05:34:00Z
Franceborn,2018-05-20T17:46:00Z,2018-05-20T17:46:00Z
fwt1776,2018-05-08T04:04:00Z,2018-05-21T00:03:00Z
gabylovesonic,2019-08-20T05:46:00Z,2019-08-20T13:08:00Z
gamemaster12331,2019-08-25T01:51:00Z,2019-08-25T01:51:00Z
geraldbryant536,2018-05-20T04:16:00Z,2018-06-06T04:32:00Z
gizelariverad,2019-09-24T14:46:00Z,2019-09-24T14:46:00Z
goddessofnap,2017-12-20T17:53:00Z,2017-12-20T17:53:00Z
green_vitality,2019-08-14T01:20:00Z,2019-08-14T01:20:00Z
GroundMovement,2018-01-28T12:27:00Z,2018-01-28T12:27:00Z
HawkeyeBrooke,2019-09-22T20:25:00Z,2019-09-24T14:34:00Z
hectorgarcia922,2019-08-30T20:27:00Z,2019-08-30T20:27:00Z
Hellscr333m,2019-09-27T12:16:00Z,2019-09-27T12:16:00Z
hey_ebie,2019-09-05T03:01:00Z,2019-09-05T03:01:00Z
highaltitudehighoptics,2018-02-24T03:56:00Z,2018-02-24T03:56:00Z
hirisk76,2019-09-13T16:33:00Z,2019-09-13T16:33:00Z
HisFaceMyThrone,2017-12-15T14:39:00Z,2017-12-15T14:39:00Z
HobbsPolice,2018-01-08T22:56:00Z,2018-01-28T02:39:00Z
HonxhoD,2019-09-01T15:42:00Z,2019-09-25T17:22:00Z
hoodrichdavec,2019-08-20T21:31:00Z,2019-08-20T21:31:00Z
Houston_53,2019-07-30T01:20:00Z,2019-07-30T01:20:00Z
i_amunderrated,2017-12-23T18:02:00Z,2017-12-23T18:02:00Z
iahn_walkerB,2019-09-21T12:54:00Z,2019-09-21T12:54:00Z
iam_GRIZZLY,2017-12-21T05:54:00Z,2017-12-21T05:54:00Z
ihoop__24,2019-09-19T01:02:00Z,2019-09-19T01:02:00Z
IkeBrownFAMU,2019-07-27T08:02:00Z,2019-07-27T08:02:00Z
Isabel_Ramirezx,2018-02-23T16:38:00Z,2018-02-23T16:38:00Z
its_briannahyo,2019-07-30T16:42:00Z,2019-07-30T16:42:00Z
IvetteRios2_26,2019-07-30T21:04:00Z,2019-07-30T21:04:00Z
jagesteban,2019-08-20T23:54:00Z,2019-08-24T12:38:00Z
jas_glover1,2018-05-24T22:41:00Z,2018-05-24T22:41:00Z
jasmine_thelove,2019-07-12T18:19:00Z,2019-07-12T18:19:00Z
JasonDiG_,2019-08-15T02:05:00Z,2019-08-15T02:05:00Z
JayceBrandt,2019-08-21T10:04:00Z,2019-08-21T10:04:00Z
jbluft,2019-08-25T02:47:00Z,2019-08-25T02:47:00Z
jeffrey_poe,2018-02-21T05:14:00Z,2018-02-21T05:14:00Z
JellyJam_24,2019-07-05T06:38:00Z,2019-07-05T06:38:00Z
Jenniarzatee,2019-08-24T14:44:00Z,2019-08-25T20:50:00Z
jesmtlsd,2018-03-21T22:17:00Z,2018-03-21T22:17:00Z
JessicaLeigh001,2019-08-26T23:42:00Z,2019-08-26T23:42:00Z
jjujulangkey,2019-08-14T01:38:00Z,2019-08-18T21:21:00Z
JMAL4LIFE,2019-09-18T19:38:00Z,2019-09-18T19:38:00Z
JonGaled,2019-08-26T23:26:00Z,2019-08-26T23:26:00Z
JoplinNewsFirst,2018-01-19T21:20:00Z,2018-01-19T21:20:00Z
JPrincePhysed,2018-04-15T03:07:00Z,2018-04-15T03:07:00Z
JRuiz2444,2018-03-30T23:02:00Z,2018-03-30T23:02:00Z
JuniorMontanaa,2019-09-07T18:03:00Z,2019-09-07T18:03:00Z
JustinJmolina92,2018-04-17T19:22:00Z,2018-04-17T19:22:00Z
Karena_Carrasco,2018-01-09T02:46:00Z,2018-01-09T02:46:00Z
Karennnn_15,2017-12-21T02:19:00Z,2017-12-21T02:19:00Z
KartzFM,2019-09-19T14:07:00Z,2019-09-19T14:07:00Z
kattt98_,2018-01-12T04:54:00Z,2018-01-12T04:54:00Z
katy77539,2019-07-26T05:18:00Z,2019-07-26T05:18:00Z
kayahnuh,2019-07-14T20:14:00Z,2019-07-14T20:14:00Z
KaylaAnaleigh,2018-02-12T05:26:00Z,2018-02-12T05:26:00Z
KaylaDe96026109,2018-03-27T07:16:00Z,2018-03-27T07:16:00Z
kaylapbaker,2019-07-20T00:59:00Z,2019-07-20T00:59:00Z
kaytlovee1,2018-04-20T07:34:00Z,2018-04-20T07:34:00Z
kbreed89,2018-01-07T03:14:00Z,2018-01-07T03:14:00Z
kennedysara__,2019-09-17T16:01:00Z,2019-09-17T16:01:00Z
kevintheshort1,2018-02-26T06:40:00Z,2018-02-26T06:40:00Z
Kiiirsten_C,2018-01-28T01:56:00Z,2018-01-28T01:56:00Z
killak2104,2019-07-24T23:13:00Z,2019-07-24T23:13:00Z
Kimberly69_,2018-01-27T02:10:00Z,2018-01-27T02:10:00Z
KimVarghese,2019-08-20T14:13:00Z,2019-08-20T14:13:00Z
KingHusamE,2019-07-24T02:23:00Z,2019-07-24T02:23:00Z
Kingnickrusso,2019-07-12T00:47:00Z,2019-07-12T00:47:00Z
kitfreedom,2018-06-02T03:42:00Z,2018-06-02T03:42:00Z
kmoezz,2019-09-24T20:25:00Z,2019-09-24T20:25:00Z
krqe_headlines,2017-12-19T13:02:00Z,2017-12-19T13:02:00Z
KSBY,2018-03-02T19:00:00Z,2018-03-02T19:00:00Z
KSmith40654773,2018-06-10T12:41:00Z,2018-06-12T10:41:00Z
kswood43,2019-07-12T03:12:00Z,2019-07-12T03:12:00Z
KUNMnews,2017-12-19T17:04:00Z,2017-12-19T17:04:00Z
kyotoamatsukami,2019-07-25T02:00:00Z,2019-07-25T02:00:00Z
lainemobleyy,2019-09-23T23:59:00Z,2019-09-23T23:59:00Z
LBL_Ceedy,2019-09-07T12:04:00Z,2019-09-07T12:04:00Z
leacountydems1,2018-03-21T10:42:00Z,2018-03-21T10:42:00Z
leah_beah3,2019-08-21T00:40:00Z,2019-08-21T00:40:00Z
LegitPoonda,2018-05-15T03:53:00Z,2018-05-15T03:53:00Z
LeoTheLion_11,2018-05-21T23:04:00Z,2018-05-21T23:04:00Z
Lewis_Nathann,2019-07-21T04:35:00Z,2019-07-21T04:35:00Z
lexibaybeex3,2019-08-22T22:08:00Z,2019-08-22T22:08:00Z
LightingFlynn,2019-08-14T18:06:00Z,2019-08-14T18:06:00Z
LilahRayne,2018-05-13T00:04:00Z,2018-05-13T00:04:00Z
lillianbescher,2019-09-19T13:51:00Z,2019-09-19T13:51:00Z
littleponcho66,2018-04-18T03:42:00Z,2018-06-04T20:28:00Z
lizbeth1132,2018-03-15T03:51:00Z,2018-03-15T03:51:00Z
lizhonigmann,2018-04-05T04:47:00Z,2018-04-05T04:47:00Z
LPDJNICK,2019-08-31T04:35:00Z,2019-08-31T04:35:00Z
Lucy18879177,2018-05-12T14:14:00Z,2018-05-12T14:14:00Z
MaddyRussell13,2018-02-19T07:00:00Z,2018-02-19T07:00:00Z
MarkVSlaughter,2019-09-24T23:24:00Z,2019-09-24T23:24:00Z
martiinez_25,2017-12-12T06:51:00Z,2017-12-12T06:54:00Z
mattquinones02,2019-08-18T14:05:00Z,2019-08-18T14:05:00Z
MattyG361,2019-07-09T02:28:00Z,2019-07-09T02:28:00Z
MayraWestAf,2017-12-13T01:00:00Z,2018-04-15T05:48:00Z
McProvolone,2019-08-24T06:59:00Z,2019-08-24T06:59:00Z
mel_0630,2018-06-08T00:06:00Z,2018-06-08T00:06:00Z
MichelleLong73,2019-08-12T01:31:00Z,2019-08-12T01:31:00Z
MikeNitzel,2018-01-24T06:10:00Z,2018-01-24T06:10:00Z
mitszy_,2018-05-18T17:16:00Z,2018-05-18T17:16:00Z
mjbaxter_,2017-12-27T18:20:00Z,2017-12-27T18:20:00Z
mmbrandenburg,2019-09-06T01:46:00Z,2019-09-06T01:46:00Z
MrBryantGuy,2018-04-23T21:06:00Z,2018-04-23T21:06:00Z
MrsBlunts,2019-08-20T03:09:00Z,2019-08-20T03:09:00Z
mscaptdanvers,2019-08-27T11:50:00Z,2019-08-27T11:50:00Z
msksq,2019-07-27T01:00:00Z,2019-07-27T01:00:00Z
mthapps,2019-08-23T00:40:00Z,2019-08-23T00:40:00Z
MunnRlmunn,2019-08-27T12:24:00Z,2019-08-27T12:24:00Z
Mxkkie,2019-08-23T23:42:00Z,2019-08-23T23:42:00Z
nayaalece,2019-09-25T00:34:00Z,2019-09-25T00:34:00Z
NickieBryar,2018-01-23T21:11:00Z,2018-01-23T21:11:00Z
Niothera,2019-08-13T20:02:00Z,2019-08-13T20:02:00Z
No_x_o_x_Os,2019-08-17T22:57:00Z,2019-08-21T10:40:00Z
nosefetish,2019-08-28T13:09:00Z,2019-08-28T13:09:00Z
NYI0515,2019-08-28T11:47:00Z,2019-08-28T11:47:00Z
ObrianHouston,2018-02-03T23:59:00Z,2018-02-03T23:59:00Z
OfficialKidSyre,2019-08-25T19:14:00Z,2019-08-25T19:14:00Z
OG_Ponton,2018-04-01T01:33:00Z,2018-04-01T01:33:00Z
OhDamn_Desi,2017-12-14T10:54:00Z,2017-12-14T10:54:00Z
ohwell_janell,2019-07-06T03:23:00Z,2019-07-06T03:23:00Z
owillis,2019-08-26T22:09:00Z,2019-08-26T22:09:00Z
PapiDpump_,2019-09-07T14:49:00Z,2019-09-07T14:49:00Z
Past2Present,2019-07-04T13:36:00Z,2019-07-04T13:36:00Z
pathagas,2019-09-05T16:26:00Z,2019-09-05T16:26:00Z
PatrickHenryCC,2019-09-10T14:19:00Z,2019-09-10T14:19:00Z
PatrioticChic,2018-05-22T17:17:00Z,2018-05-22T17:17:00Z
pebdog5,2019-08-17T12:58:00Z,2019-08-21T12:24:00Z
PennjrJr,2017-12-29T18:57:00Z,2018-02-05T17:45:00Z
PGDougSchneider,2018-01-18T20:10:00Z,2018-01-18T20:10:00Z
Pinche_Whiteboy,2019-07-29T22:34:00Z,2019-07-29T22:34:00Z
poison_ivey1998,2019-07-31T01:13:00Z,2019-07-31T01:13:00Z
ponchi_k,2018-06-12T20:50:00Z,2018-06-12T20:50:00Z
potterhockey,2019-08-20T23:20:00Z,2019-08-20T23:20:00Z
PtxTelless,2019-08-27T16:36:00Z,2019-08-27T16:36:00Z
qinyogirlsmouth,2019-09-07T15:22:00Z,2019-09-07T15:22:00Z
RafaelV90,2019-08-24T14:09:00Z,2019-08-24T14:09:00Z
Ramy529,2017-12-14T19:25:00Z,2017-12-14T19:28:00Z
Ranzaaa_,2019-08-27T03:20:00Z,2019-08-27T03:20:00Z
ReginaldDerrett,2017-12-15T15:11:00Z,2017-12-15T15:11:00Z
RepStevePearce,2018-04-03T17:42:00Z,2018-04-06T19:02:00Z
rex_amillion,2018-01-03T20:26:00Z,2018-01-03T20:26:00Z
reynargomez,2018-01-24T03:46:00Z,2018-01-24T03:46:00Z
RicardoNino2,2017-12-15T07:06:00Z,2017-12-15T07:06:00Z
Riverdeboz,2019-07-11T02:02:00Z,2019-07-11T02:02:00Z
robbyrobtt,2018-01-18T15:42:00Z,2018-05-17T05:58:00Z
RobRuiizz,2017-12-28T02:59:00Z,2018-05-24T04:39:00Z
Ron02069115,2018-03-02T00:17:00Z,2018-03-02T00:17:00Z
ryan_kyler_,2019-08-18T23:09:00Z,2019-08-18T23:09:00Z
S_manthaaa,2018-04-10T03:44:00Z,2018-06-01T00:22:00Z
SchnaubertM,2017-12-12T18:31:00Z,2018-03-20T21:09:00Z
ScottLeeCupp,2018-05-25T21:05:00Z,2018-05-27T21:42:00Z
SerenityFuller2,2018-02-27T03:23:00Z,2018-03-18T02:55:00Z
serverunicorn,2018-05-09T01:42:00Z,2018-05-09T01:42:00Z
SeSaMEPlease,2018-02-02T17:43:00Z,2018-02-14T07:58:00Z
Shannonlovespet,2019-08-19T22:52:00Z,2019-08-19T22:52:00Z
ShannonWGXA,2018-01-11T21:28:00Z,2018-01-11T21:28:00Z
ShannyGasm,2019-08-12T00:45:00Z,2019-08-24T03:55:00Z
ShaunECarter,2018-05-25T14:33:00Z,2018-05-25T14:33:00Z
SheeshCP,2019-07-22T14:28:00Z,2019-07-22T14:28:00Z
SheriffRicStaly,2018-05-10T00:16:00Z,2018-05-10T00:16:00Z
shreyagupta_,2019-07-18T16:39:00Z,2019-07-18T16:39:00Z
slaguerre3,2019-07-07T21:23:00Z,2019-07-07T21:23:00Z
SMichelleH,2018-04-14T04:34:00Z,2018-04-14T04:37:00Z
SOSA_CB_,2018-06-03T05:05:00Z,2018-06-03T05:05:00Z
spacecity4life,2019-07-04T20:30:00Z,2019-07-04T20:30:00Z
studtapmoney,2019-08-27T15:41:00Z,2019-08-27T15:41:00Z
svhernandez,2018-01-18T20:56:00Z,2018-01-18T21:00:00Z
T_Mulherin,2018-04-08T19:15:00Z,2018-05-28T01:27:00Z
tabatha_sams,2019-08-27T02:56:00Z,2019-08-27T02:56:00Z
Taylorl1219,2018-03-10T02:36:00Z,2018-03-10T02:36:00Z
tcal1961,2019-08-17T17:23:00Z,2019-08-26T12:21:00Z
teehattt,2018-03-23T12:10:00Z,2018-05-26T21:14:00Z
teresa82360646,2019-08-22T22:55:00Z,2019-08-22T22:55:00Z
TheBurkeShow,2019-08-19T02:31:00Z,2019-08-19T02:31:00Z
thecIutchcity,2019-07-23T18:05:00Z,2019-07-23T18:05:00Z
TheFenixxer,2019-07-18T20:06:00Z,2019-07-26T23:57:00Z
TheNewErikT93,2017-12-10T18:09:00Z,2018-03-19T21:27:00Z
therealsampilon,2019-08-28T01:39:00Z,2019-08-28T01:39:00Z
Timexdistance2,2019-08-23T14:33:00Z,2019-08-23T14:33:00Z
TitoLounge_,2019-08-25T01:56:00Z,2019-08-25T01:56:00Z
TLNAlbuquerque,2017-12-19T16:41:00Z,2017-12-19T16:41:00Z
tory_brett,2019-07-06T15:46:00Z,2019-07-06T15:46:00Z
TrillaLikGdzlla,2018-05-29T23:29:00Z,2018-05-29T23:29:00Z
trinity_jade04,2018-04-29T02:50:00Z,2018-04-29T02:50:00Z
ttime72,2019-08-30T21:37:00Z,2019-09-13T16:24:00Z
TyChxbbs,2019-08-15T08:17:00Z,2019-08-15T08:17:00Z
tyrarenae_,2017-12-21T14:52:00Z,2018-01-19T21:07:00Z
unitedrealtynm,2018-01-03T14:03:00Z,2018-01-03T14:03:00Z
usw_xc,2018-05-13T15:57:00Z,2018-05-13T15:57:00Z
valkyries_queen,2019-07-22T07:04:00Z,2019-07-29T23:31:00Z
veroneecuh,2018-04-22T00:40:00Z,2018-04-22T00:40:00Z
vja3000,2018-05-18T21:12:00Z,2018-05-27T13:08:00Z
vlad6benz,2019-07-05T19:35:00Z,2019-07-05T19:35:00Z
WBAY,2018-01-18T21:07:00Z,2018-01-18T21:07:00Z
WGXAnews,2018-01-12T02:48:00Z,2018-01-12T02:48:00Z
Without_a_cause,2019-08-23T00:22:00Z,2019-08-23T00:22:00Z
wobm,2018-03-29T11:25:00Z,2018-03-29T11:25:00Z
WolfOfWillowST,2018-06-06T22:46:00Z,2018-06-06T22:46:00Z
WonkaWinsTwitch,2018-02-24T15:11:00Z,2018-05-16T16:59:00Z
yalss71,2019-09-20T03:40:00Z,2019-09-20T03:40:00Z
yipi_csgo,2019-08-27T06:31:00Z,2019-08-27T06:31:00Z
yungmasedgod,2018-04-15T22:25:00Z,2018-04-17T02:41:00Z
zairaa_m,2017-12-15T16:00:00Z,2017-12-15T16:00:00Z
zmelot18,2019-09-11T23:06:00Z,2019-09-11T23:06:00Z
